{
	"credit": "Made with Blockbench",
	"parent": "minecraft:block/cube_all",
	"textures": {
		"0": "flames:block/pebble",
		"particle": "flames:block/pebble"
	},
	"elements": [
		{
			"from": [4.5, 0, 6],
			"to": [11.5, 2, 10],
			"rotation": {"angle": 22.5, "axis": "x", "origin": [0, 0, 6]},
			"faces": {
				"north": {"uv": [7, 0, 14, 2], "texture": "#0"},
				"east": {"uv": [7, 4, 11, 6], "texture": "#0"},
				"south": {"uv": [7, 2, 14, 4], "texture": "#0"},
				"west": {"uv": [7, 6, 11, 8], "texture": "#0"},
				"up": {"uv": [7, 4, 0, 0], "texture": "#0"},
				"down": {"uv": [7, 4, 0, 8], "texture": "#0"}
			}
		}
	],
	"display": {
		"thirdperson_righthand": {
			"rotation": [50, 0, 0],
			"translation": [0, 6.25, 6]
		},
		"thirdperson_lefthand": {
			"rotation": [50, 0, 0],
			"translation": [0, 6.25, 6.25]
		},
		"firstperson_righthand": {
			"rotation": [50, 0, 0],
			"translation": [0, 6.25, 6.25]
		},
		"firstperson_lefthand": {
			"rotation": [50, 0, 0],
			"translation": [0, 6.25, 6.25]
		},
		"ground": {
			"rotation": [-22.5, 0, 0],
			"translation": [0, 5, 0]
		},
		"gui": {
			"rotation": [65, 0, 0],
			"translation": [0, 4, 0]
		},
		"head": {
			"translation": [0, 35.75, 0],
			"scale": [4, 4, 4]
		},
		"fixed": {
			"rotation": [-112.5, 0, 0],
			"translation": [0, -3, -7]
		}
	}
}